# 6강 검색 조건 지정하기

* 데이터 검색에는 **열을 지정하는 방법**과 **행을 지정하는 방법**이 있다. 

```
SELECT 열1 , 열2 FROM 테이블명 WHERE 조건식
```

보통의 경우, 데이터베이스라면 많은 행이 있다. 하지만 화면에 표시하여 데이터를 확인할수 있는데, 한번에 볼 수 있는 데이터의 양은 한정되어 있다. **즉 한번에 볼 수 있는 행의 수나 열의 수가 한정되어 있다는 말이다.**  따라서 화면에 표시할때는 행이나 열을 선택(지정)하여 DB에서  데이터를 읽어오는, 다시 말해 **'검색'** 이 빈번하게 일어난다. **행을 선택**할 때는 **WHERE구**를 사용하며 , **열을 선택**할때는 **SELECT구를 사용**한다.   

## 0. 지난 내용 복습하기 

```sql
SELECT * FROM sample21;

// 실행 결과
// +------+-----------+------------+---------------------------+
// | no   | name      | birthday   | address                   |
// +------+-----------+------------+---------------------------+
// |    1 | 박준용    | 1976-10-18 | 대구광역시 수성구         |
// |    2 | 김재진    | NULL       | 대구광역시 동구           |
// |    3 | 홍길동    | NULL       | 서울특별시 마포구         |
// +------+-----------+------------+---------------------------+
// 3 rows in set (0.00 sec)
```
: 애스더리스크(*)는 '모든 열'을 의미하는 메타문자로 위의 코드는 sample21 테이블의 모든 데이터를 읽어온다. 

## 1. SELECT 구에서 열 지정하기 

* SELECT 구 뒤에 특정 열들을 나열하여 특정 열들의 데이터들만 읽어올 수 있다. 

=> 열은 **콤마(,)** 을 이용하여 구분 지으며 여러 개를 지정할 수 있다. 

```sql
SELECT no, name FROM sample21;

// 실행 결과 
// +------+-----------+
// | no   | name      |
// +------+-----------+
// |    1 | 박준용    |
// |    2 | 김재진    |
// |    3 | 홍길동    |
// +------+-----------+
// 3 rows in set (0.00 sec)
```
: sample21 테이블의 no , name 열의 데이터들만 출력함(읽어옴)을 알 수 있다.


## 2. WHERE 구에서 행 지정하기 

* WHERE 구 뒤에 **조건식이나, <>연산자, 문자열형의 상수 등**을 나열하면 그 조건에 맞은 행들의 데이터들만 읽어올 수 있다.  

> 구의 순서와 생략 

=> (중요!) **SQL 에서는 구의 순서가 정해져 있어 바꿔적을 수 없다.** 
<br> 'SELECT 구 -> FROM 구 ' -> 'FROM 구 ' 의 순으로 적지 않으면 **에러가 발생한다.**

=> 구에는 WHERE 구처럼 생략 가능한 것도 있는데 만약 WHERE 구를 생략한 경우라면 **테이블의 모든 행이 검색 대상이 된다.** 

> WHERE 구

조건식은 '열과 연산자, 상수로 구성되는 식'인데 , WHERE 구에 조건식을 나열하면 그 조건에 일치하는 행만 결과로 반환된다. 

```sql
SELECT no , name FROM sample21 WHERE no = 2;

// 실행 결과 
// +------+-----------+----------+------------------------+
// | no   | name      | birthday | address                |
// +------+-----------+----------+------------------------+
// |    2 | 김재진    | NULL     | 대구광역시 동구        |
// +------+-----------+----------+------------------------+
// 1 row in set (0.00 sec)
```

> 조건식 

조건식 'no = 2'는 no 열 값이 2일 경우에 참이 되는 조건이다. 
<br> 더 자세히 관찰하면, 'no = 2'는 'no', '=', '2' 의 세 개 항목으로 나눌 수 있다. 첫 번째 항목인 'no'는 열 이름이고, 두번째 항목 '='은 연산자이다. 연산자란 어떤 계산을 할지 지정하는 것으로 보통 기호로 표기한다. 
<br> **= 연산자를 기준으로 좌변과 우변의 항목을 비교하고, 서로 같은 값이면 참을, 같지 않으면 거짓을 반환한다.** ( no = 2 에서 1과 3은 거짓이 되고 2만 참이 되어 2행만 출력하는 것이다.)

> 값이 다른 경우 '<>'

<> 연산자는 서로 다른 값인지를 비교하는 연산자이다.(마치 != 와 같다.) 따라서 no <>2 라 하면 2를 제외한 1, 3 행이 출력됨을 알 수 있다. 

```sql

SELECT * FROM sample21 WHERE no <>2;

// 실행 결과 
// +------+-----------+------------+---------------------------+
// | no   | name      | birthday   | address                   |
// +------+-----------+------------+---------------------------+
// |    1 | 박준용    | 1976-10-18 | 대구광역시 수성구         |
// |    3 | 홍길동    | NULL       | 서울특별시 마포구         |
// +------+-----------+------------+---------------------------+
// 2 rows in set (0.00 sec)

```
: 2행을 제외한 1행과 3행의 데이터가 출력됨을 알 수 있다. 

## 3. 문자열형의 상수

* no 열은 수치형 열이다. 반면에 name 열은 no 열과 자료형이 다른 **문자열형 열**이다. 수치형 조건식의 경우 비교할 숫자를 그대로 조건식에 표기하지만, 문자열 형의 경우에는 '박준용' 처럼 **싱글쿼드(' ')로 둘러싸 표기**해야 한다. 날짜 시간형의 경우도 싱글쿼드로 둘러싸야 한다. ( ex : '2013-01-25') 

```sql
SELECT * FROM sample21 WHERE name = '박준용';

// 실행 결과
// +------+-----------+------------+---------------------------+
// | no   | name      | birthday   | address                   |
// +------+-----------+------------+---------------------------+
// |    1 | 박준용    | 1976-10-18 | 대구광역시 수성구         |
// +------+-----------+------------+---------------------------+
// 1 row in set (0.00 sec)
```
: name = '박준용'인 행만 출력됨을 알 수 있다. 

## 4. NULL 값 검색

* NULL 값을 검색할 경우에는 예를 들어 birthday = NULL 로 검색을 해선 안되고 , birthday IS NULL 처럼 검색해야 birthday의 값이 NULL 인 행들이 읽어진다.

```sql
SELECT * FROM sample21 WHERE birthday IS NULL;

// 실행 결과 
// +------+-----------+----------+---------------------------+
// | no   | name      | birthday | address                   |
// +------+-----------+----------+---------------------------+
// |    2 | 김재진    | NULL     | 대구광역시 동구           |
// |    3 | 홍길동    | NULL     | 서울특별시 마포구         |
// +------+-----------+----------+---------------------------+
// 2 rows in set (0.00 sec)
```

## 5. 비교 연산자

* = 연산자
<br>: 좌변과 우변의 값이 같을 경우 참.

* <> 연산자
<br>: 좌변과 우변의 값이 같지 않을 경우 참.

* \> 연산자
<br>: 좌변의 값이 우변의 값보다 클 경우 참. 

* \>= 연산자
<br>: 좌변의 값이 우변의 값보다 크거나 같을 경우 참.

* < 연산자
<br>: 우변의 값이 좌변의 값보다 클 경우 참.

* <= 연산자
<br>: 우변의 값이 좌변의 값보다 크거나 같을 경우 참.
